mutant,DMS_score,DMS_score_bin
M1I,-2.502128233,0
M1V,-2.025644729,0
M1T,-1.656569077,0
M1R,-2.481579555,0
M1L,-2.516529373,0
M1K,-1.636700457,0
D2N,-0.682954463,1
D2A,-0.180781768,1
D2E,0.088695985,1
D2H,-1.473830806,0
D2Y,-0.256094696,1
D2V,-1.159498021,0
D2G,-1.017827978,0
L3F,-0.341922832,1
L3V,-0.050045929,1
L3S,-0.066456403,1
L3I,0.021900501,1
S4Y,-0.255390244,1
S4A,0.0736912909999999,1
S4P,-0.330095865,1
S4F,-0.49523871,1
S4C,-0.245299044,1
S4T,0.037639503,1
A5D,0.132687421,1
A5G,-0.591609275,1
A5P,-0.892859053,1
A5T,-0.0878381969999999,1
A5V,0.3140798,1
A5S,-0.261440554,1
L6R,-0.195369135,1
L6V,0.163586304,1
L6F,-0.180958273,1
L6H,-0.038196846,1
L6I,-0.114585699,1
L6P,0.32695251,1
R7C,-0.1488671,1
R7S,-0.921591674,1
R7P,-0.192425586,1
R7L,-0.0164585519999999,1
R7H,-0.539420688,1
R7G,-0.311500807,1
V8G,-0.31228933,1
V8F,-0.5692268070000001,1
V8D,-1.121675899,0
V8A,0.223406497,1
V8I,-0.5609186629999999,1
V8L,-0.448267493,1
E9G,-0.145407855,1
E9D,-0.129703625,1
E9Q,-0.292376185,1
E9V,-0.252637874,1
E9A,0.236742529,1
E9K,-0.649333464,1
E10V,-0.8519031690000001,1
E10Q,-0.40328654,1
E10K,-0.7696158790000001,1
E10G,-0.183632895,1
E10D,0.010448555,1
E10A,-0.0319006779999999,1
V11L,-1.168016659,0
V11G,-2.47449709,0
V11E,-2.204882746,0
V11A,-0.126650277,1
V11I,-0.313424946,1
Q12H,0.031162794,1
Q12K,0.078566622,1
Q12L,0.119074367,1
Q12E,-0.387357109,1
Q12P,-2.184754753,0
Q12R,0.313648739,1
N13S,-0.072016385,1
N13K,-0.04187113,1
N13H,0.155809001,1
N13D,0.316276816,1
N13Y,-0.50402904,1
N13T,0.171094586,1
N13I,-0.578107177,1
V14A,0.062406303,1
V14D,-1.233904887,0
V14L,-0.548239955,1
V14I,-0.006564323,1
V14G,-1.861215052,0
V14F,-1.431762196,0
I15V,-0.580415865,1
I15T,-2.096972571,0
I15F,-1.320409483,0
I15L,0.082683159,1
I15M,-0.638691853,1
I15S,-1.834711354,0
I15N,-2.6330534290000003,0
N16Y,-0.353923267,1
N16T,0.14842158,1
N16S,-0.333605413,1
N16K,0.061939542,1
N16H,-0.140590293,1
N16D,-0.172551303,1
N16I,0.510672527,1
A17D,0.090807067,1
A17G,-0.180847973,1
A17P,-2.879821738,0
A17S,0.24499554,1
A17V,-0.677930245,1
A17T,-0.329703976,1
M18L,-0.056789045,1
M18V,-0.947284908,1
M18K,-2.390480695,0
M18I,-0.160921305,1
M18R,-2.445988084,0
M18T,-1.887430163,0
Q19E,-0.170930864,1
Q19H,-0.194105101,1
Q19R,0.050298898,1
Q19K,-0.308824721,1
Q19L,-0.017068918,1
Q19P,-2.169057841,0
K20T,-0.222575795,1
K20Q,-0.780493804,1
K20N,-0.340886803,1
K20I,-0.207838345,1
K20E,-0.419304747,1
K20R,-0.076775943,1
I21T,0.072621292,1
I21V,-0.147346078,1
I21F,-0.432698516,1
I21L,0.244697521,1
I21M,-0.527949051,1
I21N,-0.21546298,1
I21S,0.202374414,1
L22S,-2.106675789,0
L22F,-0.7019804359999999,1
L22I,-0.625778259,1
L22V,-0.263422079,1
E23D,-0.873206893,1
E23G,-0.84338501,1
E23K,-0.342968971,1
E23Q,0.25264145,1
E23V,0.135861257,1
E23A,-0.608742916,1
C24W,-2.735910855,0
C24Y,-2.14268376,0
C24F,-1.2782737990000002,0
C24S,-1.880327056,0
C24R,-2.785239979,0
C24G,-2.315087279,0
P25A,0.437601909,1
P25R,-0.202953505,1
P25S,0.052850834,1
P25T,-0.194290415,1
P25L,-1.660835719,0
I26V,-0.010268963,1
I26T,-1.907673843,0
I26S,-1.096629497,0
I26N,-1.987543455,0
I26M,0.075930661,1
I26L,-0.834112338,1
C27Y,-1.888262433,0
C27W,-1.922890359,0
C27S,-1.6047496019999998,0
C27R,-1.959356754,0
C27F,-2.580124399,0
C27G,-2.374209472,0
L28P,-1.643605819,0
L28V,-0.7289596340000001,1
L28R,-0.066280914,1
L28Q,-0.333171449,1
L28M,-0.559160153,1
E29A,-0.053629647,1
E29D,-0.235879028,1
E29G,-0.286648662,1
E29Q,0.132155295,1
E29V,-0.260086526,1
E29K,-0.645511679,1
L30V,-0.047369437,1
L30W,-0.295743493,1
L30S,0.060109119,1
L30F,-0.095957528,1
L30M,0.284766431,1
I31V,0.17125318,1
I31F,0.266900903,1
I31L,-0.061783127,1
I31M,-0.631893112,1
I31N,-0.828223479,1
I31T,-0.133781446,1
I31S,-0.031236589,1
K32R,0.24921883,1
K32T,0.118786034,1
K32E,-0.08777441,1
K32M,-0.307423532,1
K32N,-0.091513546,1
K32Q,0.09843393,1
E33V,-0.019770258,1
E33A,-0.362577559,1
E33D,0.235621951,1
E33G,-0.944338479,1
E33K,-0.412088921,1
E33Q,-0.265285716,1
P34R,-2.043268182,0
P34S,-1.6239024,0
P34T,-1.184000476,0
P34H,-2.839964354,0
P34A,-0.14448556,1
P34L,-1.867931438,0
V35L,-0.7844899259999999,1
V35G,-2.111132312,0
V35F,-1.23552836,0
V35D,-2.398558825,0
V35A,-1.441762887,0
V35I,-0.337374626,1
S36T,-0.094837458,1
S36A,0.067965073,1
T37A,0.114420378,1
T37K,-2.49352324,0
T37P,-0.368808462,1
T37R,-2.485527396,0
T37S,-0.080738999,1
T37I,-0.84183045,1
K38T,0.038121997,1
K38R,-0.187628557,1
K38Q,0.044227473,1
K38N,-0.122152503,1
K38M,-0.271030936,1
K38E,-0.059168364,1
C39Y,-2.658239614,0
C39S,-2.234923116,0
C39W,-2.534430214,0
C39G,-2.224219502,0
C39F,-2.320923141,0
C39R,-2.403609049,0
D40V,-0.5014125220000001,1
D40A,-0.119215796,1
D40E,0.000949463,1
D40G,0.197450868,1
D40H,-0.28111257,1
D40N,-0.080203363,1
D40Y,-0.376938578,1
H41N,-2.290756756,0
H41P,-2.559817026,0
H41L,-1.775323475,0
H41D,-2.141742735,0
H41Q,-2.226966151,0
H41R,-2.0779570730000003,0
H41Y,-2.022331753,0
I42K,-0.63648837,1
I42L,0.071726189,1
I42M,0.146633898,1
I42R,-0.550860609,1
I42T,-0.075750561,1
I42V,0.109884311,1
F43Y,-0.221090144,1
F43V,-1.038470474,0
F43S,-1.240995022,0
F43I,-1.165814315,0
F43L,-1.18188652,0
F43C,-0.768825627,1
C44S,-2.267760544,0
C44W,-2.30701978,0
C44Y,-2.3979740780000003,0
C44R,-2.197828124,0
C44G,-2.532168237,0
C44F,-2.542188514,0
K45I,-2.435805825,0
K45E,-0.634450234,1
K45T,-0.698344352,1
K45N,-0.591244043,1
K45R,-0.1265052559999999,1
K45Q,-0.267722267,1
F46S,0.242754195,1
F46L,-0.520164144,1
F46I,0.118018541,1
F46C,0.138588779,1
F46V,-0.4005037970000001,1
F46Y,-0.354796574,1
C47F,-1.960178757,0
C47G,-2.435887658,0
C47R,-1.835296091,0
C47S,-1.927793944,0
C47W,-2.256689846,0
C47Y,-1.677983341,0
M48L,-0.387238184,1
M48R,-2.8839568960000004,0
M48T,-0.063337848,1
M48V,-0.276021452,1
M48I,-0.259442039,1
M48K,-2.12489334,0
L49P,-1.624518584,0
L49Q,-0.319246702,1
L49V,-0.873863087,1
L49M,-0.518552505,1
L49R,-0.6966700790000001,1
K50R,0.134461517,1
K50T,0.4397899,1
K50Q,-0.289487269,1
K50N,-0.253562359,1
K50I,0.1262437119999999,1
K50E,-0.591419465,1
L51F,-0.145244781,1
L51H,0.024377681,1
L51I,-0.321300496,1
L51P,-1.332848331,0
L51R,-0.334968955,1
L51V,-0.459830957,1
L52I,-0.219703422,1
L52F,-0.164703074,1
L52H,-1.017841257,0
L52P,-1.2635474759999998,0
L52R,-1.10919469,0
L52V,-0.105063688,1
N53S,0.00786607,1
N53Y,-0.3473967079999999,1
N53T,-0.7616288440000001,1
N53D,-0.52784335,1
N53H,0.006497211,1
N53I,-0.347808015,1
N53K,-0.8033824709999999,1
Q54R,-0.122193843,1
Q54P,-0.475637296,1
Q54L,-0.1593985319999999,1
Q54K,-0.6202013710000001,1
Q54H,-0.179248267,1
Q54E,-0.31400165,1
K55M,-0.132292328,1
K55E,0.038472736,1
K55Q,0.139050271,1
K55N,0.012762531,1
K55T,0.113378349,1
K55R,-0.04167302,1
K56I,0.141884635,1
K56N,-0.0831707429999999,1
K56T,-0.082811859,1
K56R,-0.076559115,1
K56Q,0.202923925,1
K56E,-0.093192678,1
G57A,0.17074004,1
G57R,-0.067253305,1
G57V,0.052949158,1
P58R,0.191628628,1
P58L,0.03365898,1
P58H,-1.468096572,0
P58A,-0.064303467,1
P58T,-0.274594395,1
S59A,0.122591621,1
S59L,-0.21669482,1
S59P,-0.111088432,1
S59T,-0.007698412,1
Q60P,0.557264663,1
Q60L,-0.040427194,1
Q60R,0.175006538,1
Q60E,0.074680886,1
Q60H,-0.204028151,1
Q60K,-0.343854366,1
C61W,-2.512010638,0
C61S,-2.065267107,0
C61R,-1.327538227,0
C61G,-1.738348139,0
C61F,-1.937519013,0
C61Y,-1.488518298,0
P62R,-0.73045277,1
P62H,-0.753698183,1
P62A,-0.625469855,1
P62S,-0.739621387,1
P62T,-1.067635152,0
P62L,-0.530946091,1
L63F,-0.4480072020000001,1
L63S,0.049177735,1
L63I,0.393837055,1
L63V,0.081514189,1
C64S,-3.022206145,0
C64W,-1.603799715,0
C64Y,-2.050298211,0
C64R,-1.6911159969999998,0
C64F,-1.5894609469999998,0
C64G,-1.951135261,0
K65T,-0.084730438,1
K65R,0.186615867,1
K65Q,0.20349991,1
K65M,0.195705359,1
K65N,-0.266965752,1
K65E,-0.010400926,1
N66K,0.331522622,1
N66Y,-1.769773114,0
N66S,0.020971639,1
N66T,0.157001707,1
N66D,-0.117274997,1
N66H,0.1441337969999999,1
N66I,0.354824787,1
D67Y,-0.080995005,1
D67H,-0.336806341,1
D67G,0.045656838,1
D67E,0.259751854,1
D67A,0.134788632,1
D67V,0.141412316,1
D67N,0.149696616,1
I68K,-1.5354204,0
I68M,0.122549115,1
I68V,0.061827305,1
I68T,-0.318205181,1
I68R,-1.7548482419999998,0
I68L,-0.051010401,1
T69A,-0.0784790279999999,1
T69S,-0.201005026,1
T69P,-0.027454829,1
T69N,0.153279184,1
T69I,-0.002860962,1
K70Q,-0.107747824,1
K70N,-1.590834635,0
K70I,-0.101003659,1
K70E,0.12420064,1
K70R,0.207178467,1
K70T,-0.301242803,1
R71T,-2.02887065,0
R71S,-2.484551004,0
R71M,-1.717736029,0
R71K,-2.149339119,0
R71G,-1.49271759,0
R71W,-1.820527181,0
S72T,0.143507753,1
S72R,-0.542614319,1
S72N,-1.375164206,0
S72I,-1.013873924,0
S72G,0.136704722,1
S72C,-0.63904338,1
L73P,-0.652277126,1
L73Q,-1.94479994,0
L73R,-2.288564071,0
L73V,-0.652753445,1
Q74R,-0.7349807970000001,1
Q74P,-0.690148414,1
Q74L,-0.90038353,1
Q74K,-0.7761061340000001,1
Q74E,-0.6729321309999999,1
Q74H,-0.175679582,1
E75A,0.542069101,1
E75G,-0.172499344,1
E75K,-0.192425399,1
E75Q,-0.972859689,1
E75D,0.328566194,1
S76R,-0.208763267,1
S76T,-0.208435666,1
S76N,-0.041297887,1
S76I,-0.789885622,1
S76G,0.8449911859999999,1
S76C,0.569152615,1
T77P,-0.631381944,1
T77R,-0.708556805,1
T77S,0.158595848,1
T77K,-0.224951977,1
T77A,0.298169169,1
T77M,-0.480636069,1
R78I,-0.631862977,1
R78K,-0.59275878,1
R78S,0.263859171,1
R78T,-0.311143921,1
R78G,-0.5115063120000001,1
F79C,-0.194974239,1
F79L,-0.5279333979999999,1
F79S,-0.648302225,1
F79Y,-0.129085695,1
F79V,-0.6825456059999999,1
S80G,0.141974946,1
S80T,-0.068780385,1
S80C,-0.217631403,1
S80I,-1.408656287,0
S80R,-0.953367287,1
S80N,-0.412347791,1
Q81E,-0.964109618,1
Q81H,-1.394269524,0
Q81R,0.198078811,1
Q81P,-0.637299099,1
Q81K,-0.0069176999999999,1
Q81L,-0.372554914,1
L82I,0.026348169,1
L82V,-0.788895725,1
L82F,-1.799486366,0
L82R,-2.50965929,0
L82H,-3.50091997,0
L82P,-3.451790641,0
V83L,-0.51531348,1
V83G,-0.020665491,1
V83I,-0.093432181,1
V83D,-2.378611976,0
V83F,-1.744361529,0
E84V,-1.578288971,0
E84A,-0.436156513,1
E84D,-0.35798056,1
E84G,0.097700826,1
E84K,-1.4151940530000002,0
E84Q,0.227577933,1
E85A,-0.437781654,1
E85D,-0.772470138,1
E85V,-0.10097076,1
E85K,-3.718221153,0
E85Q,0.596518164,1
E85G,-1.455718827,0
L86R,-3.3301168,0
L86V,-0.6056647479999999,1
L86Q,-0.563689704,1
L86P,-1.996445663,0
L86I,-0.199917549,1
L87M,-0.436587615,1
L87F,-0.139688849,1
L87W,-0.218890293,1
L87V,-0.334476342,1
L87S,0.003656997,1
K88Q,-0.404258963,1
K88N,-0.605310021,1
K88E,0.223227494,1
K88R,-0.194855836,1
K88T,-0.110824205,1
I89L,-0.098323842,1
I89F,-0.3153345,1
I89V,-0.849261953,1
I89M,-0.275180331,1
I89S,-0.7681405259999999,1
I89N,-2.587206031,0
I89T,0.53056219,1
I90L,-0.68881955,1
I90M,-0.228945552,1
I90N,-1.134469042,0
I90S,-0.270302363,1
I90T,0.056908253,1
I90V,-0.072230597,1
I90F,-0.225198812,1
C91S,-0.624507821,1
C91W,-0.847753322,1
C91R,-0.330071694,1
C91G,-0.716466545,1
C91F,-0.243291684,1
C91Y,0.036397735,1
A92P,-3.043660468,0
A92V,-1.845833276,0
A92T,-2.262486719,0
A92D,-2.0817542,0
A92G,-1.296073339,0
A92S,-0.580671009,1
F93Y,0.390097776,1
F93L,-1.236264415,0
F93C,-1.152479942,0
F93I,-0.675617637,1
F93V,0.137378498,1
F93S,-1.420758273,0
Q94R,-0.001086415,1
Q94P,-1.202904473,0
Q94L,-1.863558142,0
Q94K,-0.195956095,1
Q94E,-0.11430514,1
Q94H,-0.439171236,1
L95H,-0.353218078,1
L95I,-0.079217739,1
L95F,-0.480312471,1
L95V,-1.123790308,0
L95R,-0.202981727,1
L95P,-3.2712966210000003,0
D96V,-2.743403466,0
D96E,-3.466547462,0
D96H,-2.562256457,0
D96A,-3.070009359,0
D96G,-3.002432117,0
D96N,-3.701162377,0
D96Y,-3.544097805,0
T97A,-0.7268205809999999,1
T97S,-0.334099777,1
T97R,-1.023823585,0
T97P,-2.517170851,0
T97K,-1.279120177,0
T97I,-1.040134487,0
G98A,-0.389790135,1
G98S,-0.281335101,1
G98C,-0.7931662420000001,1
G98D,-0.390340916,1
G98V,-1.329269095,0
G98R,-0.3784714870000001,1
L99V,-0.276943466,1
E100D,-0.377925754,1
Y101N,-0.674152759,1
Y101D,-0.385585877,1
S1631C,0.133622447,1
S1631G,0.305708317,1
S1631T,-0.895747939,1
S1631R,0.154709038,1
S1631I,-1.180831843,0
S1631N,-0.610018672,1
V1632L,-0.794290561,1
V1632G,-0.55426026,1
V1632E,0.185324553,1
V1632A,-0.016459957,1
V1632M,-0.439777683,1
S1633G,-0.25265094,1
S1633I,0.050632554,1
S1633C,1.094138314,1
S1633T,-0.412856231,1
S1633R,-1.070400098,0
S1633N,-0.122721153,1
R1634T,0.702940696,1
R1634G,0.5192929470000001,1
R1634K,0.268767599,1
R1634S,1.306892088,1
E1635V,-0.11312094,1
E1635Q,-0.312102905,1
E1635K,0.218818423,1
E1635G,-0.096754391,1
E1635D,-0.524113645,1
E1635A,-0.1650631219999999,1
K1636T,0.011965819,1
K1636R,0.016185996,1
K1636E,0.646739008,1
K1636M,-0.0779957209999999,1
K1636Q,0.416121154,1
K1636N,0.07298451,1
P1637R,-0.061755841,1
P1637S,0.377990217,1
P1637T,-0.65991885,1
P1637A,0.271299863,1
P1637L,-0.417492856,1
P1637Q,-0.286928235,1
E1638V,-0.276578724,1
E1638Q,0.209717916,1
E1638A,0.112986175,1
E1638D,-0.211556713,1
E1638K,-0.425459444,1
E1638G,-0.191476377,1
L1639F,0.593827847,1
L1639M,-0.129775074,1
L1639S,0.396995548,1
L1639W,-0.156545823,1
L1639V,0.985678872,1
T1640S,-0.125729669,1
T1640R,-0.113288212,1
T1640A,-0.239408828,1
T1640I,-0.021898697,1
T1640K,0.036828949,1
T1640P,0.331681383,1
A1641D,0.441891175,1
A1641G,-0.288384856,1
A1641V,0.362735801,1
A1641T,0.375689478,1
A1641S,-0.927134134,1
A1641P,-0.287473571,1
S1642T,0.432342353,1
S1642P,0.46069813,1
S1642L,0.056911605,1
S1642A,-0.048817492,1
T1643I,-0.174565421,1
T1643A,0.124293669,1
T1643S,0.322239809,1
T1643R,-0.226536685,1
T1643P,-0.075218103,1
T1643K,-0.159561512,1
E1644G,0.019628499,1
E1644K,-0.195403393,1
E1644Q,0.288594316,1
E1644V,-0.0707839359999999,1
E1644A,-0.128459395,1
E1644D,0.490304116,1
R1645G,0.292396293,1
R1645K,-0.056075172,1
R1645M,-0.7774597329999999,1
R1645S,0.418234042,1
R1645W,-0.027223932,1
R1645T,0.134062079,1
V1646A,0.052774638,1
V1646D,0.013159575,1
V1646I,-0.283400558,1
V1646G,0.512206875,1
V1646F,-0.455977913,1
V1646L,-0.233034711,1
N1647T,0.107487391,1
N1647S,0.318003895,1
N1647I,0.081979622,1
N1647D,-0.095048221,1
N1647K,-0.114103274,1
N1647Y,0.269235813,1
N1647H,0.062515946,1
K1648R,0.004237739,1
K1648E,0.362390956,1
K1648I,0.168571556,1
K1648N,0.111407047,1
K1648Q,-0.24992858,1
K1648T,-0.049865482,1
R1649I,0.139303583,1
R1649K,0.075178455,1
R1649S,-0.1427936219999999,1
R1649T,-0.214181107,1
R1649G,0.522231651,1
M1650R,0.292724427,1
M1650L,-0.117122551,1
M1650K,0.081676731,1
M1650I,0.093430762,1
M1650T,0.210380627,1
M1650V,0.7583845379999999,1
S1651A,0.343579958,1
S1651C,-0.293665511,1
S1651F,-0.6317969139999999,1
S1651P,-1.4786487069999998,0
S1651T,-0.284494787,1
S1651Y,-0.322341632,1
M1652R,-1.890501274,0
M1652I,0.143488826,1
M1652T,-0.3530852270000001,1
M1652L,0.321293604,1
M1652V,0.100098058,1
M1652K,-1.532355463,0
V1653A,0.171399878,1
V1653E,-1.5036977219999998,0
V1653G,-0.263024274,1
V1653L,-1.797284256,0
V1654A,0.169871102,1
V1654M,0.06610235,1
V1654G,-0.188828198,1
V1654L,-0.169476903,1
V1654E,-1.067963986,0
S1655A,-1.135430433,0
S1655C,-1.539666922,0
S1655T,-0.6662035,1
S1655F,-1.555696871,0
S1655P,-1.782506156,0
S1655Y,-2.4978888930000003,0
G1656C,-0.111774196,1
G1656A,0.24231314,1
G1656D,-0.53894391,1
G1656S,-0.499145945,1
G1656V,-0.66980237,1
G1656R,0.135780354,1
L1657M,0.099945891,1
L1657Q,-1.758251275,0
L1657P,-1.526102897,0
L1657R,-1.646806019,0
L1657V,0.32869041,1
T1658A,0.257015715,1
T1658S,0.483314353,1
P1659A,0.28409581,1
P1659L,0.231939078,1
P1659R,0.133281467,1
P1659Q,0.512326669,1
P1659T,0.629009943,1
P1659S,0.352563322,1
E1660V,0.018955528,1
E1660Q,0.1683365389999999,1
E1660G,0.184538892,1
E1660D,-0.110672755,1
E1660A,0.134577314,1
E1660K,-0.63049767,1
E1661D,0.333820624,1
E1661A,-0.5814554439999999,1
E1661G,-0.7970232359999999,1
E1661K,-0.311873629,1
E1661Q,-0.16863073,1
E1661V,-0.584913205,1
F1662Y,0.05287222,1
F1662S,-0.254857538,1
F1662L,-0.650154024,1
F1662I,0.260322651,1
F1662C,0.748164167,1
F1662V,-0.057700023,1
M1663T,-0.8088266940000001,1
M1663R,-1.935119217,0
M1663L,-1.062924694,0
M1663K,-2.052323801,0
M1663I,-0.052540097,1
M1663V,-0.015246602,1
L1664V,-0.447092426,1
L1664R,-0.5219936479999999,1
L1664P,-0.010177224,1
L1664I,-0.327476217,1
L1664H,0.034633749,1
L1664F,0.047215136,1
V1665A,0.012045065,1
V1665E,-1.72003405,0
V1665G,-0.53527218,1
V1665L,-0.908947433,1
V1665M,0.024768716,1
Y1666D,0.028524331,1
Y1666H,0.733635002,1
Y1666S,-0.151134009,1
Y1666C,0.083456764,1
Y1666N,0.042238143,1
Y1666F,-0.04103853,1
K1667E,0.270624841,1
K1667N,-0.975486241,1
K1667Q,0.14119934,1
K1667M,0.13266039,1
K1667T,-0.460669232,1
K1667R,-0.7148183290000001,1
F1668I,-0.17881636,1
F1668L,-1.489862751,0
F1668C,-0.325029892,1
F1668Y,-0.04805012,1
F1668S,-1.760687133,0
F1668V,-0.6634867489999999,1
A1669P,-1.803284855,0
A1669S,-0.401850537,1
A1669T,0.033971254,1
A1669D,-1.013676469,0
A1669G,-0.336644052,1
R1670T,-0.983168111,1
R1670S,-0.080312089,1
R1670G,0.217765799,1
R1670I,-0.458163454,1
R1670K,-1.552697925,0
K1671E,0.091841339,1
K1671I,0.206516491,1
K1671Q,0.242271091,1
K1671R,0.298685821,1
K1671T,0.443511598,1
K1671N,0.244102202,1
H1672Q,0.099226351,1
H1672R,0.504252734,1
H1672Y,-0.083477624,1
H1672D,-0.83316235,1
H1672N,0.037593239,1
H1672L,0.664878571,1
H1672P,-1.602622252,0
H1673Y,0.205780716,1
H1673D,-0.132855873,1
H1673L,0.660457446,1
H1673N,-0.131497557,1
H1673P,-0.073804345,1
H1673Q,0.038896316,1
H1673R,0.066415102,1
I1674L,0.384051777,1
I1674T,0.028325171,1
I1674V,0.262136308,1
T1675S,0.209150702,1
T1675P,0.339670951,1
T1675A,0.227925244,1
T1675I,0.036029592,1
T1675N,0.062514159,1
L1676V,0.20710201,1
L1676I,0.058302853,1
L1676F,0.296732225,1
T1677N,-0.203384271,1
T1677S,0.290125053,1
T1677P,-0.682736497,1
T1677I,-1.013694589,0
T1677A,-0.398041548,1
N1678D,0.5196452570000001,1
N1678Y,-0.079988029,1
N1678H,-0.163272826,1
N1678I,-0.693611146,1
N1678S,0.202968897,1
N1678K,-0.171434971,1
N1678T,0.268235298,1
L1679I,-0.055039057,1
L1679P,0.117379359,1
L1679Q,0.252101032,1
L1679R,0.254610926,1
L1679V,0.370339923,1
I1680L,0.461382067,1
I1680F,-0.100445938,1
I1680T,0.179818283,1
I1680S,-0.272118588,1
I1680M,0.073122806,1
I1680N,-0.243164421,1
I1680V,0.15805763,1
T1681P,-2.066143297,0
T1681N,-0.463855564,1
T1681A,0.409708739,1
T1681S,-0.671511512,1
T1681I,-0.786038538,1
E1682V,-1.939631143,0
E1682K,-1.7973765730000002,0
E1682Q,-0.978868465,1
E1682A,-0.44902225,1
E1682D,-0.861915543,1
E1682G,0.368825081,1
E1683Q,-2.02639001,0
E1683A,0.03721526,1
E1683K,-1.990752034,0
E1683G,-1.097150527,0
E1683D,-0.162661634,1
E1683V,-1.331793395,0
T1684N,-1.250973785,0
T1684A,-0.652545724,1
T1684S,-1.3050087190000002,0
T1684P,-1.468392392,0
T1684I,-1.973014698,0
T1685N,-1.827168684,0
T1685P,-1.5578809180000002,0
T1685A,-1.840668217,0
T1685I,-1.991576216,0
T1685S,-1.950882177,0
H1686Q,-1.585423786,0
H1686P,-1.965556698,0
H1686N,-2.394087682,0
H1686L,-1.556607261,0
H1686R,-1.336637073,0
H1686D,-1.652875247,0
H1686Y,-1.527259899,0
V1687F,-2.069983286,0
V1687A,-0.491271357,1
V1687D,-1.815000555,0
V1687G,-2.334281881,0
V1687I,-0.264841013,1
V1687L,-0.06950574,1
V1688A,-0.322963559,1
V1688D,-1.572097205,0
V1688I,0.04877562,1
V1688L,-0.416440551,1
V1688F,-1.873899169,0
V1688G,-2.295249234,0
M1689V,0.5615404039999999,1
M1689I,-0.095807981,1
M1689K,-1.813109474,0
M1689L,-0.031839984,1
M1689R,-2.077420101,0
M1689T,0.042316509,1
K1690R,0.130445951,1
K1690N,-0.066343939,1
K1690I,-1.155802213,0
K1690T,-1.319579032,0
K1690Q,-0.112956322,1
K1690E,-0.629180785,1
T1691A,-1.196233684,0
T1691R,-2.049631434,0
T1691P,-1.7398171830000002,0
T1691K,-1.854934485,0
T1691I,-1.39646249,0
T1691S,0.042523875,1
D1692N,-1.864842698,0
D1692A,-2.080882447,0
D1692E,-2.147332662,0
D1692H,-1.578508318,0
D1692Y,-1.268931136,0
D1692V,-1.685672501,0
D1692G,-1.111542387,0
A1693V,-1.67152473,0
A1693D,-1.5399910980000002,0
A1693G,-1.021959091,0
A1693T,-0.444567907,1
A1693S,-1.474986098,0
A1693P,-0.192657401,1
E1694A,0.143761629,1
E1694Q,-0.604248156,1
E1694K,-1.755455826,0
E1694G,-0.045889999,1
E1694D,-0.187649735,1
E1694V,-0.026402047,1
F1695V,-1.801945905,0
F1695Y,0.019043708,1
F1695L,0.227802227,1
F1695C,-0.022411919,1
F1695I,-1.02976164,0
F1695S,0.133192503,1
V1696L,-0.945259125,1
V1696A,0.036802542,1
V1696E,-1.622381352,0
V1696G,-1.329956442,0
V1696M,-0.298896816,1
C1697F,-2.396256782,0
C1697G,-0.304249046,1
C1697R,-2.149392198,0
C1697S,-0.012695218,1
C1697W,-2.250071798,0
C1697Y,-2.057780426,0
E1698V,-0.044283732,1
E1698Q,-0.043776366,1
E1698D,0.109190006,1
E1698K,-0.063261272,1
E1698G,-0.138484129,1
E1698A,-0.059287838,1
R1699L,-1.555941912,0
R1699G,-2.210161588,0
R1699P,-1.548522539,0
T1700R,-1.704946387,0
T1700P,-2.279978858,0
T1700K,-2.075217324,0
T1700I,-2.49174636,0
T1700A,-2.022891397,0
L1701V,-0.118243586,1
L1701R,-0.466710466,1
L1701M,0.183322291,1
L1701Q,-0.143577597,1
L1701P,-1.300430591,0
K1702N,-1.975027265,0
K1702Q,-2.278785445,0
K1702R,-1.741090006,0
K1702T,-1.581271126,0
K1702E,-2.020249694,0
K1702I,-2.017579191,0
Y1703D,-2.34851835,0
Y1703F,-0.181696427,1
Y1703H,-1.701735098,0
Y1703N,-2.212963851,0
Y1703S,-2.065719894,0
Y1703C,-1.820256454,0
F1704S,-2.110953716,0
F1704L,-1.780220727,0
F1704Y,-2.123416074,0
F1704V,-2.147007982,0
F1704I,-1.4549475230000002,0
F1704C,-1.70622233,0
L1705I,-0.134881303,1
L1705Q,-0.190565784,1
L1705R,-1.174174853,0
L1705V,-0.147693793,1
L1705P,-2.154313061,0
G1706A,-0.05142991,1
G1706E,-2.4529898180000003,0
G1706V,-2.322979207,0
G1706R,-2.379797633,0
I1707N,-0.6894446759999999,1
I1707V,0.066909656,1
I1707F,-2.348219461,0
I1707L,0.078022189,1
I1707T,-0.143325095,1
I1707S,-2.295094451,0
I1707M,-0.275064271,1
A1708E,-2.008257997,0
A1708V,-0.222956413,1
A1708T,-1.359454021,0
A1708S,-0.5148013220000001,1
A1708P,-2.263130748,0
A1708G,-2.2288835330000003,0
G1709R,-0.09621458,1
G1709V,-1.382600556,0
G1709E,-0.558665498,1
G1709A,0.116068252,1
G1710V,-0.414221853,1
G1710R,-0.014297121,1
G1710A,-0.110930986,1
G1710E,-0.351688542,1
K1711Q,-0.005831092,1
K1711R,0.146135531,1
K1711T,-0.008693213,1
K1711I,-0.08417018,1
K1711N,0.111147332,1
K1711E,-1.825111171,0
W1712R,-0.237008767,1
W1712S,-0.35451998,1
W1712G,-2.136250219,0
W1712C,-0.000406721,1
W1712L,-0.333901531,1
V1713L,0.210837512,1
V1713A,-1.755476485,0
V1713E,-2.183787865,0
V1713I,0.228950411,1
V1713G,-1.88795031,0
V1714A,-1.299338853,0
V1714I,-0.438877129,1
V1714G,-2.079409178,0
V1714F,-1.854755315,0
V1714D,-2.0749950630000003,0
V1714L,-0.011433771,1
S1715R,-1.871063083,0
S1715G,-0.894501575,1
S1715T,-0.543038028,1
S1715I,-2.023040734,0
S1715N,-2.294657307,0
S1715C,-1.698659427,0
Y1716D,0.017989542,1
Y1716F,0.06187088,1
Y1716H,0.293174678,1
Y1716N,0.018086242,1
Y1716S,0.068957645,1
Y1716C,-0.344807992,1
F1717Y,0.021042059,1
F1717L,0.19828517,1
F1717S,0.038652294,1
F1717V,0.009304937,1
F1717I,-0.567159028,1
F1717C,0.169709433,1
W1718S,-1.186702945,0
W1718R,-1.6781225919999998,0
W1718L,-1.3711552319999998,0
W1718G,-1.874947599,0
W1718C,-1.575707705,0
V1719A,0.374786796,1
V1719E,-1.925277452,0
V1719G,-1.38364631,0
V1719L,-0.561705913,1
V1719M,-0.5405589,1
T1720A,0.132285866,1
T1720S,0.380406589,1
Q1721R,-0.203878344,1
Q1721P,-2.352740782,0
Q1721L,0.055847962,1
Q1721K,-0.008477079,1
Q1721H,0.054679398,1
Q1721E,-0.120205617,1
S1722C,0.197527537,1
S1722A,0.029494254,1
S1722P,-1.65174167,0
S1722T,-0.377101067,1
S1722F,-0.8342463790000001,1
S1722Y,-1.284016223,0
I1723L,0.054043046,1
I1723S,-0.267795187,1
I1723V,0.283315191,1
I1723T,0.355145638,1
I1723N,-0.126123105,1
I1723M,0.00779992,1
I1723F,0.215808299,1
K1724N,-0.057957456,1
K1724Q,-0.342907545,1
K1724R,-0.000931562,1
K1724T,-0.193830018,1
K1724I,-0.188903344,1
K1724E,-0.051271157,1
E1725Q,-0.411198294,1
E1725K,-0.461716897,1
E1725G,0.23084079,1
E1725D,-0.155152046,1
E1725A,0.185373964,1
E1725V,-0.276712989,1
R1726I,-0.313708723,1
R1726G,0.139873673,1
R1726T,-0.108020882,1
R1726S,-0.145743968,1
R1726K,0.065606784,1
K1727R,0.090003834,1
K1727N,0.068940287,1
K1727Q,0.295675239,1
K1727T,0.177259858,1
K1727I,0.02205352,1
K1727E,0.55203429,1
M1728V,0.113929224,1
M1728T,0.164069415,1
M1728L,-0.292013269,1
M1728K,0.243499453,1
M1728I,0.151964853,1
M1728R,-0.298201446,1
L1729R,0.070333078,1
L1729Q,-0.129532584,1
L1729V,0.196300676,1
L1729M,-0.437496985,1
L1729P,-1.258118135,0
N1730H,0.421659854,1
N1730I,-0.32964611,1
N1730K,0.34805014,1
N1730S,0.232421912,1
N1730T,-0.178811215,1
N1730Y,0.4249335999999999,1
N1730D,-0.003642159,1
E1731A,0.275906423,1
E1731K,-2.769776089,0
E1731G,0.065227302,1
E1731Q,-0.85868058,1
E1731V,-0.203848215,1
E1731D,-0.031138253,1
H1732D,-0.176629406,1
H1732R,0.333391436,1
H1732Q,-0.10668094,1
H1732Y,-0.662483092,1
H1732P,0.145482326,1
H1732N,-0.586664005,1
H1732L,0.071120424,1
D1733A,0.158927256,1
D1733E,0.22581061,1
D1733H,-0.054488878,1
D1733V,-0.445244049,1
D1733Y,-0.633444213,1
D1733G,0.167600774,1
D1733N,-0.511247529,1
F1734C,-3.36637908,0
F1734I,-2.255002356,0
F1734L,-1.868299863,0
F1734V,-2.481021196,0
F1734Y,-0.123011326,1
F1734S,-2.033809729,0
E1735K,-3.2429455430000003,0
E1735A,-0.503115482,1
E1735D,-1.230850862,0
E1735G,-1.835119675,0
E1735Q,-0.249794862,1
E1735V,0.098740887,1
V1736F,-2.380463702,0
V1736L,-1.845344667,0
V1736I,-0.051934422,1
V1736A,-1.603092599,0
V1736D,-1.931173292,0
V1736G,-1.733293339,0
R1737I,0.204096136,1
R1737K,-0.949347403,1
R1737S,0.100274641,1
R1737T,-0.029514156,1
R1737G,-0.347344956,1
G1738A,-2.423903607,0
G1738E,-2.635341621,0
G1738R,-3.661620453,0
G1738V,-2.739325547,0
D1739G,-2.43103073,0
D1739H,-2.767134079,0
D1739E,-2.913167418,0
D1739A,-2.475646402,0
D1739N,-0.114011824,1
D1739V,-1.993767422,0
D1739Y,-2.529119775,0
V1740G,-0.506044073,1
V1740L,-0.063516068,1
V1740A,0.079659853,1
V1741D,-1.90564466,0
V1741L,-0.7829546629999999,1
V1741I,0.162782347,1
V1741A,-0.27418775,1
N1742Y,-1.123927302,0
N1742S,0.067229341,1
N1742T,0.20615039,1
N1742D,-0.749588492,1
N1742I,-0.341116351,1
N1742H,-0.028315612,1
N1742K,-0.122821188,1
G1743A,-1.213395644,0
G1743E,-2.831105914,0
G1743R,-2.681421497,0
G1743V,-1.689462298,0
R1744K,0.217324419,1
R1744I,-0.611578163,1
R1744S,0.2605459,1
R1744T,-0.355909945,1
R1744G,-0.026914798,1
N1745Y,0.065234813,1
N1745T,-0.073278435,1
N1745S,0.195848238,1
N1745K,-0.051505797,1
N1745I,0.519271991,1
N1745H,0.209290415,1
N1745D,0.079887682,1
H1746D,-1.779168015,0
H1746L,-0.470063509,1
H1746N,-0.759565562,1
H1746Q,-0.89682755,1
H1746P,-2.566477457,0
H1746R,-0.566534227,1
H1746Y,-2.304745702,0
Q1747R,0.20084236,1
Q1747E,-0.371298205,1
Q1747P,-2.105208429,0
Q1747H,0.002338777,1
Q1747K,-0.417318658,1
Q1747L,0.161184595,1
G1748A,-0.721756325,1
G1748C,-2.706851164,0
G1748V,-1.268008407,0
G1748D,-1.651899187,0
G1748S,-0.375461919,1
G1748R,-3.093498513,0
P1749A,-0.153996475,1
P1749Q,-2.675987136,0
P1749R,-3.306062513,0
P1749S,-1.44884667,0
P1749T,-0.653988637,1
P1749L,-2.091518939,0
K1750N,-0.185011355,1
K1750E,-0.6306338020000001,1
K1750T,-0.16692092,1
K1750R,0.364944419,1
K1750Q,0.290074466,1
K1750M,-0.04157237,1
R1751Q,-0.149920264,1
R1751G,-1.4725156659999998,0
R1751L,-0.3719187,1
R1751P,-2.860787068,0
A1752P,-3.126781127,0
A1752V,-1.738491962,0
A1752T,-2.585788759,0
A1752S,0.018962269,1
A1752G,-0.281368162,1
A1752E,-3.0378302230000003,0
R1753K,-1.934324702,0
R1753T,-2.370420437,0
R1753S,-2.128715587,0
R1753G,-2.421415113,0
R1753I,-2.516981978,0
E1754G,-0.106235488,1
E1754D,-0.126836886,1
E1754Q,0.015345887,1
E1754K,-0.318323796,1
E1754A,0.283962926,1
E1754V,-0.057690347,1
S1755A,-0.183185182,1
S1755Y,-0.484283481,1
S1755T,-0.188463324,1
S1755P,-0.282334304,1
S1755F,-0.154077949,1
S1755C,0.121448366,1
Q1756H,-0.287596634,1
Q1756P,0.11976869,1
Q1756L,0.418980606,1
Q1756K,-0.285468104,1
Q1756E,0.5876090039999999,1
Q1756R,0.26061444,1
D1757Y,0.09195191,1
D1757V,-0.065095064,1
D1757N,-0.146850128,1
D1757H,0.003611736,1
D1757G,-0.22913632,1
D1757E,0.041979448,1
D1757A,0.337990579,1
R1758I,-0.170083405,1
R1758T,-0.107145801,1
R1758S,0.103330787,1
R1758K,0.059075947,1
R1758G,0.315491624,1
K1759M,0.37986441,1
K1759E,0.156731174,1
K1759N,0.036740349,1
K1759T,-0.259852223,1
K1759R,-0.054416045,1
K1759Q,0.272969813,1
I1760S,-2.271126986,0
I1760F,-0.896258271,1
I1760L,-0.192788069,1
I1760M,-0.167247725,1
I1760N,-2.181993712,0
I1760T,-2.605287949,0
I1760V,-0.198692768,1
F1761Y,-1.034478207,0
F1761C,-3.000722887,0
F1761I,-3.434960657,0
F1761L,-0.080100771,1
F1761S,-3.081528484,0
F1761V,-2.661537635,0
R1762S,0.111612808,1
R1762M,0.264115311,1
R1762K,-0.142165264,1
R1762G,-0.176011985,1
R1762T,-0.287184713,1
R1762W,0.2466609,1
G1763V,-1.830636761,0
G1763R,-0.664336515,1
G1763A,0.636291743,1
L1764V,-0.502673316,1
L1764Q,-1.681584109,0
L1764P,-1.986744563,0
L1764I,-0.457075646,1
E1765A,-0.207861896,1
E1765G,-0.945497358,1
E1765K,-0.102273748,1
E1765Q,-0.450121558,1
E1765V,-0.197631605,1
E1765D,-0.028361828,1
I1766L,0.275411155,1
I1766V,-0.027999827,1
I1766F,-0.248929789,1
I1766T,-2.272676881,0
I1766S,-1.832268401,0
I1766M,-0.314915848,1
I1766N,-2.947427858,0
C1767S,-0.966362392,1
C1767W,-1.195495022,0
C1767F,-0.037427329,1
C1767R,-1.023520731,0
C1767G,-0.961465889,1
C1767Y,-0.018461294,1
C1768Y,-0.735895408,1
C1768W,-1.883722065,0
C1768F,-1.623083698,0
C1768S,-0.513420935,1
C1768R,-1.22753279,0
C1768G,-0.967951041,1
Y1769S,-0.454148627,1
Y1769N,-0.174143412,1
Y1769D,-1.754691641,0
Y1769C,-0.848123415,1
Y1769F,0.222513049,1
G1770W,-2.726979004,0
G1770V,-2.598026614,0
G1770R,-1.263370297,0
G1770E,-0.24180534,1
G1770A,0.177727283,1
P1771A,-0.660597065,1
P1771H,-0.187415676,1
P1771L,-0.7084484520000001,1
P1771R,-0.472155007,1
P1771S,0.636000094,1
P1771T,-0.582526407,1
F1772Y,0.05286372,1
F1772V,-1.019752288,0
F1772S,-0.10482076,1
F1772L,-0.681683378,1
F1772I,-0.203447138,1
F1772C,-0.318746863,1
T1773S,-0.785410272,1
T1773P,-0.067303492,1
T1773N,-0.507254589,1
T1773I,0.200455715,1
T1773A,-0.986490293,1
N1774Y,-0.045066749,1
N1774H,0.136919874,1
N1774T,0.003280231,1
N1774S,-0.108641712,1
N1774K,-0.016030451,1
N1774I,-0.143580172,1
N1774D,0.066732338,1
M1775I,-0.844174268,1
M1775K,-1.831862366,0
M1775R,-1.392638445,0
M1775T,-0.703426201,1
M1775V,-1.5220423019999998,0
M1775L,0.159622888,1
P1776A,-0.29748191,1
P1776H,0.332097385,1
P1776L,-0.3653633120000001,1
P1776R,-0.077755265,1
P1776S,-0.463819845,1
P1776T,-0.151370595,1
T1777S,-0.017011003,1
T1777R,-0.25998477,1
T1777P,0.09141921,1
T1777K,-0.230527311,1
T1777I,-0.453445016,1
T1777A,0.115434624,1
D1778V,0.010852764,1
D1778Y,-1.052680353,0
D1778N,-1.017950484,0
D1778E,0.072841464,1
D1778A,0.04797171,1
D1778G,-0.093197797,1
Q1779R,-0.082708212,1
Q1779P,-0.597503848,1
Q1779E,-0.201378826,1
Q1779H,0.102366918,1
Q1779K,0.1746976639999999,1
Q1779L,0.081959098,1
L1780P,-2.354943895,0
L1780V,-0.6909530420000001,1
L1780R,-1.982653745,0
E1781K,0.122330704,1
E1781A,0.400263043,1
E1781Q,0.192824554,1
E1781D,0.069135895,1
E1781V,0.205498427,1
W1782R,0.301775217,1
W1782S,0.180529843,1
W1782C,-0.038111181,1
W1782G,0.005755388,1
W1782L,0.003886588,1
M1783K,-1.5123368190000002,0
M1783V,-0.11405249,1
M1783T,-0.442333511,1
M1783R,-2.113652955,0
M1783L,0.133379333,1
M1783I,0.214041727,1
V1784A,0.288345831,1
V1784G,-0.482147505,1
V1784L,-0.186488935,1
V1784I,-0.052235209,1
V1784E,-2.082720016,0
Q1785H,-0.35794075,1
Q1785L,0.064799707,1
Q1785P,-1.5255604319999998,0
Q1785R,0.10397113,1
Q1785E,0.269408297,1
Q1785K,-0.283400305,1
L1786R,-0.151024584,1
L1786M,-0.177410617,1
L1786P,-1.521510546,0
L1786Q,-0.200929901,1
L1786V,-0.196547915,1
C1787Y,-1.75624866,0
C1787F,-0.299372081,1
C1787G,0.158224375,1
C1787R,-1.925618478,0
C1787S,-0.309405568,1
C1787W,-1.955358378,0
G1788V,-1.679715181,0
G1788S,-1.3525233209999998,0
G1788R,-2.185787155,0
G1788D,-0.6931082120000001,1
G1788C,-1.885704165,0
G1788A,-1.412131697,0
A1789V,-1.999552943,0
A1789T,-2.139004464,0
A1789D,-2.497897916,0
A1789P,-1.671327794,0
A1789G,-0.161095734,1
A1789S,-0.439408021,1
S1790A,0.25068559,1
S1790Y,-0.351389324,1
S1790C,0.159635608,1
S1790P,-0.545062214,1
S1790T,0.1676731,1
S1790F,-0.24334366,1
V1791A,0.185419113,1
V1791E,-1.189003788,0
V1791G,-0.654299843,1
V1791L,0.037219754,1
V1791M,-0.252402919,1
V1792M,-0.136814697,1
V1792E,-1.03390543,0
V1792L,-0.323216047,1
V1792G,-0.585138825,1
V1792A,0.290276502,1
K1793E,0.14035815,1
K1793T,0.304856631,1
K1793R,0.472239647,1
K1793Q,0.190832525,1
K1793N,-0.8761975329999999,1
K1793M,-0.350282463,1
E1794V,-0.277387579,1
E1794G,0.4945250470000001,1
E1794D,-0.081595019,1
E1794K,-0.191608109,1
E1794A,0.1332610669999999,1
E1794Q,0.08847117,1
L1795I,-0.370652929,1
L1795H,-0.16182793,1
L1795F,0.193792115,1
L1795P,0.185247954,1
L1795V,-0.049730498,1
L1795R,0.032762638,1
S1796L,-0.783587017,1
S1796A,-0.061224523,1
S1796T,-0.131191208,1
S1796P,-0.158763871,1
S1797L,-0.093689799,1
S1797P,0.039486467,1
S1797T,-0.126059918,1
S1797A,0.132073996,1
F1798V,-0.209132543,1
F1798Y,-0.012765803,1
F1798L,0.061988747,1
F1798I,-0.20296737,1
F1798C,-0.045273343,1
F1798S,0.109082853,1
T1799S,0.125790879,1
T1799P,0.06951319,1
T1799N,-0.281580312,1
T1799A,0.19731123,1
T1799I,0.056073639,1
L1800I,-0.000404225,1
L1800P,0.1714274489999999,1
L1800F,-0.054776004,1
L1800H,0.163739165,1
L1800V,-0.136279493,1
L1800R,0.020172492,1
G1801S,0.092973393,1
G1801A,0.007740476,1
G1801C,-0.1272595,1
G1801D,0.042955774,1
G1801R,-0.261908996,1
G1801V,0.265168855,1
T1802R,-0.060562918,1
T1802P,0.305814753,1
T1802K,-0.354782147,1
T1802A,0.045992706,1
T1802S,0.074865725,1
T1802I,0.183191305,1
G1803D,-1.070930368,0
G1803A,0.015107804,1
G1803C,0.30984265,1
G1803V,-0.349508563,1
G1803S,-0.320508703,1
G1803R,0.104268268,1
V1804G,-0.6972721709999999,1
V1804D,0.429372531,1
V1804A,0.08158347,1
V1804F,0.5567598220000001,1
V1804I,0.058148475,1
V1804L,-0.580450235,1
H1805R,-0.010064457,1
H1805Y,0.198364117,1
H1805Q,-0.291323809,1
H1805P,-0.083873047,1
H1805D,0.211689665,1
H1805N,0.140889196,1
H1805L,0.276406041,1
P1806R,0.160857415,1
P1806T,-0.304187042,1
P1806S,0.477544138,1
P1806Q,0.073841597,1
P1806A,0.098106712,1
P1806L,-0.203817494,1
I1807N,-1.741497034,0
I1807S,-1.932774307,0
I1807T,-0.260029674,1
I1807V,0.161589837,1
I1807L,0.177009281,1
I1807F,-1.125070136,0
I1807M,0.165225199,1
V1808L,-0.227223409,1
V1808G,-1.930088141,0
V1808A,-0.798819225,1
V1809D,-1.3549039180000002,0
V1809A,-1.649958296,0
V1809I,-0.216144901,1
V1810M,-0.477757821,1
V1810L,-0.1213484999999999,1
V1810G,-3.3738808,0
V1810E,-1.563640679,0
V1810A,-0.036260638,1
Q1811H,-0.7477769590000001,1
Q1811E,-0.076575852,1
Q1811R,-1.711502186,0
Q1811K,-2.061911143,0
Q1811L,-3.420158147,0
Q1811P,-1.946901508,0
P1812R,0.261310921,1
P1812S,-0.326462941,1
P1812T,-0.074708535,1
P1812Q,-0.879112288,1
P1812A,-2.75730524,0
P1812L,-0.765334601,1
D1813E,-0.20293611,1
D1813A,0.025227332,1
D1813H,-0.981230415,1
D1813Y,-1.316304856,0
D1813N,-0.142261664,1
D1813V,-0.180560716,1
D1813G,0.21034116,1
A1814D,-1.254912402,0
A1814T,-0.180716298,1
A1814G,-1.37729254,0
A1814P,-0.846765222,1
A1814S,-0.671084707,1
A1814V,-0.359948472,1
W1815G,-0.624105915,1
W1815L,0.035890047,1
W1815R,-0.6029172770000001,1
W1815S,-1.549697531,0
W1815C,-1.666820032,0
T1816S,-0.582124911,1
T1816R,0.0848726,1
T1816A,-0.093720031,1
T1816I,0.018444786,1
T1816P,-0.302598613,1
T1816K,-0.505095338,1
E1817Q,-0.478225312,1
E1817K,0.126226954,1
E1817A,0.310352545,1
E1817D,-0.107234787,1
E1817G,0.7190111090000001,1
E1817V,-0.587397335,1
D1818N,-0.059666754,1
D1818V,0.155552919,1
D1818Y,0.029580237,1
D1818H,-1.966682516,0
D1818E,0.116922666,1
D1818G,-3.163035304,0
D1818A,-0.628332847,1
N1819D,0.000534279,1
N1819S,0.408757217,1
N1819T,-0.279502934,1
N1819Y,-0.449637787,1
N1819H,-0.415957444,1
N1819K,-0.086438508,1
N1819I,-0.270928279,1
G1820C,-0.609895505,1
G1820D,-0.325765931,1
G1820R,-0.154003266,1
G1820S,-0.396620648,1
G1820V,0.262636792,1
G1820A,-0.784422946,1
F1821I,-0.437724082,1
F1821Y,-0.038687305,1
F1821V,-0.195359257,1
F1821S,-0.112501489,1
F1821L,-0.453237634,1
F1821C,-0.73462888,1
H1822Y,-0.242424965,1
H1822R,-0.424960818,1
H1822P,0.001600832,1
H1822D,0.225013754,1
H1822L,-0.330819441,1
H1822N,0.219049203,1
H1822Q,0.07946948,1
A1823T,-3.186519076,0
A1823V,-0.438360206,1
A1823E,0.135290186,1
A1823G,-0.841867943,1
A1823P,-3.30464537,0
A1823S,-3.642830833,0
I1824V,-0.330562389,1
I1824L,-0.31378998,1
I1824S,-0.12643378,1
I1824N,-0.293590735,1
I1824M,-2.078019786,0
I1824T,-0.52808496,1
I1824F,-0.510016108,1
G1825E,-0.010771661,1
G1825R,-0.205906394,1
G1825V,-0.130113384,1
G1825W,-0.6088955070000001,1
G1825A,-0.042873856,1
Q1826E,0.044173969,1
Q1826H,-0.438084188,1
Q1826K,-0.025890479,1
Q1826L,-0.188283018,1
Q1826P,-0.032405706,1
Q1826R,0.038512569,1
M1827I,-0.344383559,1
M1827K,-0.129843362,1
M1827V,-0.276791005,1
M1827L,0.236500391,1
M1827R,-0.242181569,1
M1827T,0.063026048,1
C1828F,-0.404389484,1
C1828R,-0.875619335,1
C1828S,-0.427149017,1
C1828W,-0.090205374,1
C1828Y,-0.308549501,1
C1828G,-0.40753017,1
E1829V,0.226361293,1
E1829Q,-0.513444906,1
E1829G,-0.150965352,1
E1829A,0.052718601,1
E1829D,-0.197892937,1
E1829K,-0.804182974,1
A1830V,-0.211976289,1
A1830T,0.168084557,1
A1830S,-0.344285219,1
A1830E,-1.125728172,0
A1830G,-0.990940648,1
A1830P,-0.6536388160000001,1
P1831T,-0.014992898,1
P1831S,-0.208516948,1
P1831L,0.085956773,1
P1831H,-0.288263507,1
P1831A,0.084675759,1
P1831R,-0.333529135,1
V1832A,-0.909867174,1
V1832G,-2.871570544,0
V1832L,-0.736470517,1
V1833A,-0.661423187,1
V1833E,-2.605933766,0
V1833L,-0.784809335,1
V1833M,-2.1834843580000003,0
T1834S,0.004400628,1
T1834P,0.131130517,1
T1834N,-0.049695064,1
T1834I,0.195638344,1
T1834A,0.220196066,1
R1835L,-1.189276623,0
R1835Q,-0.906347442,1
R1835P,-1.312085753,0
R1835G,-1.447836507,0
E1836D,0.0719807609999999,1
E1836K,-0.299933276,1
E1836Q,-0.005133664,1
E1836A,0.459904567,1
E1836G,-0.171450552,1
E1836V,-1.690014505,0
W1837C,-1.6966130030000002,0
W1837S,-2.224528694,0
W1837L,-2.168872309,0
W1837G,-2.562818474,0
W1837R,-2.460781171,0
V1838E,-1.725873238,0
V1838M,-0.553037931,1
V1838L,0.009842337,1
V1838G,-1.979915318,0
V1838A,-0.213826976,1
L1839S,-2.491443829,0
L1839F,-0.234922906,1
L1839V,-1.910878187,0
D1840E,-1.055476641,0
D1840A,0.040887376,1
D1840G,-1.3642471390000002,0
D1840V,-1.793784349,0
D1840N,0.11660501,1
D1840H,-0.465913766,1
S1841T,-1.863429463,0
S1841G,-0.8338768059999999,1
S1841N,-2.262144441,0
S1841R,-1.460773851,0
S1841C,-0.023697712,1
S1841I,-2.185789258,0
V1842G,-1.922434028,0
V1842I,-0.01810642,1
V1842L,-0.6802093509999999,1
V1842A,-1.49481134,0
V1842E,-2.026892883,0
A1843E,-2.8199207580000003,0
A1843G,-0.356104922,1
A1843P,-2.684527284,0
A1843S,0.060352797,1
A1843T,-0.062383638,1
A1843V,-0.377550924,1
L1844R,-0.061581269,1
L1844H,-0.312582722,1
L1844I,-0.268220295,1
L1844F,-0.170767947,1
L1844V,0.196108695,1
L1844P,-0.232681566,1
Y1845S,-0.22453305,1
Y1845N,-0.029240771,1
Y1845H,0.121790822,1
Y1845F,0.115162949,1
Y1845D,-0.811639346,1
Y1845C,0.041728726,1
Q1846E,-0.193852332,1
Q1846H,-0.273650344,1
Q1846R,0.280153919,1
Q1846P,-1.966089107,0
Q1846L,0.098458145,1
Q1846K,-0.0851731719999999,1
C1847Y,0.137716861,1
C1847G,-0.051867215,1
C1847F,-0.497292266,1
C1847R,0.255108725,1
C1847S,-0.087586844,1
C1847W,-0.127904431,1
Q1848P,-1.749798788,0
Q1848E,-0.353073612,1
Q1848L,-0.101285458,1
Q1848K,0.065825302,1
Q1848H,-0.607000667,1
Q1848R,0.251439368,1
E1849A,-1.18497765,0
E1849D,-0.084089872,1
E1849K,-0.142875393,1
E1849Q,0.047025123,1
E1849V,-1.009539446,0
E1849G,-0.444983274,1
L1850M,0.168902849,1
L1850Q,-0.635649813,1
L1850R,-0.185898415,1
L1850V,-0.406771498,1
L1850P,0.106617167,1
D1851A,-0.243173681,1
D1851E,-0.23692835,1
D1851Y,-0.636700804,1
D1851V,-0.6750315709999999,1
D1851N,-0.253026438,1
D1851H,-0.044297379,1
D1851G,-0.328077814,1
T1852N,-0.074499967,1
T1852P,-0.067411712,1
T1852S,-0.131134371,1
T1852A,0.309628122,1
T1852I,-0.152107501,1
Y1853H,-1.6528829109999998,0
Y1853F,-0.6279881079999999,1
Y1853D,-3.351371554,0
Y1853C,-2.763438152,0
Y1853S,-1.698236873,0
Y1853N,-2.16719537,0
L1854R,0.312451685,1
L1854V,0.15847644,1
L1854P,-1.34387151,0
L1854M,-0.04053434,1
L1854Q,0.259387036,1
I1855V,0.04627763,1
I1855R,-0.464328416,1
I1855M,0.021940862,1
I1855L,0.233297291,1
I1855K,-0.863843895,1
I1855T,-0.291518974,1
